scenario_id,load_scale,contingency,fault_bus,clearing_time,v_min_system,v_mean_system,is_stable
179,0.9,Line_16_17,39,0.3,-0.20465319776727955,0.9909947781432958,0
41,0.8,Line_2_3,16,0.3,-1.1527830195522244e-14,0.8418081691817655,0
266,1.0,Line_16_17,39,0.15,-0.20461314927885382,0.9842800619750872,0
281,1.1,None,16,0.3,0.005715664814295463,0.88450402235741,0
330,1.1,Line_16_17,2,0.05,0.00674411198415814,1.0358689766697229,1
37,0.8,Line_2_3,16,0.1,0.007124029400916037,1.0499113535214664,1
169,0.9,Line_16_17,29,0.1,0.00291642745610942,1.0495742300219102,1
144,0.9,Line_2_3,39,0.05,-0.20463300087444242,0.980162092079541,0
109,0.9,None,29,0.1,0.0031333118747397474,1.0519738752946777,1
6,0.8,None,16,0.05,0.00783812879269417,1.0561216462438268,1
173,0.9,Line_16_17,29,0.3,-9.599578040031767e-18,0.9717953033261951,0
120,0.9,Line_2_3,2,0.05,0.005311837469547428,1.0458091264363687,1
162,0.9,Line_16_17,26,0.05,0.004217923589163441,1.049695127800023,1
187,1.0,None,16,0.1,0.007779931614748096,1.04304316497618,1
241,1.0,Line_16_17,2,0.1,0.006709159218784466,1.04193993165488,1
304,1.1,Line_2_3,2,0.25,0.0052234568189102005,1.0273368155812,1
417,1.2,Line_2_3,39,0.2,-0.20451885380378407,0.9666053175884559,0
430,1.2,Line_16_17,16,0.25,-4.527323191545945e-17,0.9123677949501257,0
89,0.8,Line_16_17,39,0.3,-0.2046900997283416,0.9991032718705275,0
159,0.9,Line_16_17,16,0.2,-3.4494500101993995e-14,0.9106208087039024,0
354,1.1,Line_16_17,39,0.05,-0.20456988876687793,0.992211199999658,0
291,1.1,None,29,0.2,0.003196096035744976,1.0389073543721337,1
11,0.8,None,16,0.3,-2.848714610316464e-15,0.8536186701996515,0
145,0.9,Line_2_3,39,0.1,-0.20463300087444242,0.970137254994972,0
242,1.0,Line_16_17,2,0.15,0.006709159218784466,1.0415484330624403,1
143,0.9,Line_2_3,29,0.3,0.003120934504682935,1.0436374835024733,1
34,0.8,Line_2_3,2,0.25,0.005304624200011427,1.0521600687984272,1
100,0.9,None,16,0.25,-1.3526568284142318e-12,0.8566148413750988,0
88,0.8,Line_16_17,39,0.25,-0.2046900997283416,0.9991032718705275,0
153,0.9,Line_16_17,2,0.2,0.006675190561323706,1.0470380619316986,1
394,1.2,Line_2_3,2,0.25,0.005143624060967332,1.0173319178257798,1
61,0.8,Line_16_17,2,0.1,0.006642123430473629,1.0543549822457694,1
4,0.8,None,2,0.25,0.0073132112252016985,1.054235368373988,1
7,0.8,None,16,0.1,0.00768513970473224,1.054677354563843,1
402,1.2,Line_2_3,26,0.05,0.005023273528339087,1.0184822600731647,1
240,1.0,Line_16_17,2,0.05,0.006709159218784466,1.0427659920968066,1
362,1.2,None,2,0.15,0.007488699452685077,1.0310936012486034,1
59,0.8,Line_2_3,39,0.3,-0.2046641220527921,1.0058510334208552,0
203,1.0,None,29,0.3,0.003165708260284439,1.0439278169290895,1
420,1.2,Line_16_17,2,0.05,0.006780084454349839,1.028426940483876,1
156,0.9,Line_16_17,16,0.05,0.0057353864350004205,1.048905786098715,1
151,0.9,Line_16_17,2,0.1,0.006675190561323706,1.0483634479885766,1
2,0.8,None,2,0.15,0.007370861702747682,1.0558036818014351,1
351,1.1,Line_16_17,29,0.2,0.002985657968242723,1.0353749747756973,1
201,1.0,None,29,0.2,0.003165708260284439,1.045331688035139,1
262,1.0,Line_16_17,29,0.25,0.002951769090323881,1.04198509771173,1
163,0.9,Line_16_17,26,0.1,0.0041323011612525405,1.0490827370829172,1
381,1.2,None,29,0.2,0.0032249719849140753,1.031979636567345,1
339,1.1,Line_16_17,16,0.2,-3.881808591478289e-12,0.9037605323673894,0
77,0.8,Line_16_17,26,0.3,0.003864362493416919,1.0531080081760424,1
306,1.1,Line_2_3,16,0.05,0.007449339110101523,1.0268820063385098,1
382,1.2,None,29,0.25,0.0032249719849140753,1.0310657610893073,1
92,0.9,None,2,0.15,0.007399785454404903,1.0502190806893483,1
263,1.0,Line_16_17,29,0.3,-0.23010657254202543,0.7972776453243963,0
268,1.0,Line_16_17,39,0.25,-0.20461314927885382,0.996995883764624,0
21,0.8,None,29,0.2,0.003098728814653419,1.0569381644892055,1
45,0.8,Line_2_3,26,0.2,0.004808069536189543,1.051013882914749,1
175,0.9,Line_16_17,39,0.1,-0.20465319776727955,0.983374398850091,0
170,0.9,Line_16_17,29,0.15,0.00291642745610942,1.0494685608634615,1
422,1.2,Line_16_17,2,0.15,0.006780084454349839,1.027090867871444,1
130,0.9,Line_2_3,16,0.25,0.006361448880296931,0.9197231423613321,0
363,1.2,None,2,0.2,0.00745695571885205,1.0297123216326485,1
96,0.9,None,16,0.05,0.007891655882461553,1.0506083812370786,1
427,1.2,Line_16_17,16,0.1,2.4684239060269708e-17,0.9091663501233878,0
313,1.1,Line_2_3,26,0.1,0.004926560273882401,1.0276046388340792,1
315,1.1,Line_2_3,26,0.2,0.004762658045836363,1.0262682484045917,1
149,0.9,Line_2_3,39,0.3,-0.20463300087444242,0.999623843569496,0
127,0.9,Line_2_3,16,0.1,0.007202424950567565,1.0423669750765017,1
188,1.0,None,16,0.15,0.007466707426123498,1.0417955717484535,1
380,1.2,None,29,0.15,0.0032249719849140753,1.0327672660482003,1
365,1.2,None,2,0.3,0.006942472476885949,1.0260160983016933,1
238,1.0,Line_2_3,39,0.25,-0.20459853354648996,0.9822646768831076,0
69,0.8,Line_16_17,16,0.2,0.005149886164485667,0.9783261815942931,0
94,0.9,None,2,0.25,0.007293426303247341,1.0484879379403864,1
226,1.0,Line_2_3,26,0.25,0.004690827222239625,1.034760804091074,1
410,1.2,Line_2_3,29,0.15,0.0032004482306855183,1.0181086144184577,1
129,0.9,Line_2_3,16,0.2,0.006705558752345535,1.039029555595092,1
387,1.2,None,39,0.2,-0.2044852086176073,0.9933467743632735,0
342,1.1,Line_16_17,26,0.05,0.004244818139298321,1.0363869311661151,1
352,1.1,Line_16_17,29,0.25,0.002985657968242723,0.9969622729988764,0
436,1.2,Line_16_17,26,0.25,0.0038685539056212167,1.0266404980992272,1
324,1.1,Line_2_3,39,0.05,-0.2045605599261699,0.9669847142546342,0
227,1.0,Line_2_3,26,0.3,0.00457481615546311,1.0336754060194704,1
314,1.1,Line_2_3,26,0.15,0.004849729125189087,1.027214000091782,1
223,1.0,Line_2_3,26,0.1,0.004929677557517348,1.0365027698056977,1
68,0.8,Line_16_17,16,0.15,0.005416684218454995,1.0528052506308614,1
155,0.9,Line_16_17,2,0.3,0.006474294011105395,1.0453593657131364,1
323,1.1,Line_2_3,29,0.3,-1.8660338487262312e-17,0.9585267835229766,0
206,1.0,None,39,0.15,-0.20457637349068955,1.004358992049672,0
280,1.1,None,16,0.25,-7.781010337092953e-14,0.853723812668095,0
278,1.1,None,16,0.15,0.007488418473939374,1.034047302486593,1
225,1.0,Line_2_3,26,0.2,0.004781898331654813,1.035279880517635,1
93,0.9,None,2,0.2,0.007399785454404903,1.0490929695967721,1
220,1.0,Line_2_3,16,0.25,0.006344050673131046,0.9149832249330592,0
38,0.8,Line_2_3,16,0.15,0.006914113493580906,1.0490309163021734,1
277,1.1,None,16,0.1,0.007836334665183898,1.0365590803648612,1
50,0.8,Line_2_3,29,0.15,0.003089393365012659,1.0527398113342095,1
398,1.2,Line_2_3,16,0.15,0.007197022983174891,1.0121086918911133,1
233,1.0,Line_2_3,29,0.3,0.003149837304963879,1.0350687443969147,1
85,0.8,Line_16_17,39,0.1,-0.2046900997283416,0.9877082869808436,0
192,1.0,None,26,0.05,0.005069724091239175,1.0460636836153459,1
208,1.0,None,39,0.25,-0.20457637349068955,1.0041994321779024,0
133,0.9,Line_2_3,26,0.1,0.0049295939412973885,1.0446145183222884,1
106,0.9,None,26,0.25,0.004719422307493473,1.0495997730188338,1
439,1.2,Line_16_17,29,0.1,0.0030186484081884475,1.028736053158253,1
26,0.8,None,39,0.15,-0.6437373045381203,0.7450886244977379,0
215,1.0,Line_2_3,2,0.3,0.005083478697702372,1.0357286548257367,1
66,0.8,Line_16_17,16,0.05,0.005704393375159141,1.0549391300061255,1
212,1.0,Line_2_3,2,0.15,0.005317899360021824,1.0371104229899961,1
10,0.8,None,16,0.25,0.006766783885907446,0.9300654242234182,0
375,1.2,None,26,0.2,0.004795326930931869,1.0307840481525177,1
217,1.0,Line_2_3,16,0.1,0.007289341534961875,1.0341173087069135,1
355,1.1,Line_16_17,39,0.1,-0.20456988876687793,0.9766066756349947,0
53,0.8,Line_2_3,29,0.3,0.003089393365012659,1.0513882468545244,1
245,1.0,Line_16_17,2,0.3,0.006424085042695434,1.0386601592455416,1
231,1.0,Line_2_3,29,0.2,0.003149837304963879,1.0364615459272835,1
177,0.9,Line_16_17,39,0.2,-0.20465319776727955,0.9909947781432958,0
74,0.8,Line_16_17,26,0.15,0.004065888970941424,1.054875208463134,1
72,0.8,Line_16_17,26,0.05,0.004204386751626706,1.0556751511362152,1
31,0.8,Line_2_3,2,0.1,0.005304624200011427,1.0528529701376768,1
196,1.0,None,26,0.25,0.004700983952570033,1.04351410000242,1
247,1.0,Line_16_17,16,0.1,0.005687932420123032,1.0406915038784392,1
350,1.1,Line_16_17,29,0.15,0.002985657968242723,1.036038003433237,1
303,1.1,Line_2_3,2,0.2,0.005322715679574073,1.0276398890216984,1
254,1.0,Line_16_17,26,0.15,0.004079933290873892,1.042434384368318,1
218,1.0,Line_2_3,16,0.15,0.007044719080995215,1.032801012986091,1
264,1.0,Line_16_17,39,0.05,-0.20461314927885382,0.9940576106629002,0
76,0.8,Line_16_17,26,0.25,0.003945101363153639,1.0539108870979366,1
267,1.0,Line_16_17,39,0.2,-0.20461314927885382,0.996995883764624,0
401,1.2,Line_2_3,16,0.3,0.005658133148066013,0.8708511145310236,0
320,1.1,Line_2_3,29,0.15,0.003176210288467667,1.028077299330599,1
190,1.0,None,16,0.25,-0.0515387494700195,0.8605614455054287,0
20,0.8,None,29,0.15,0.003098728814653419,1.0574249382223901,1
286,1.1,None,26,0.25,0.004681007103849827,1.0369992845385796,1
300,1.1,Line_2_3,2,0.05,0.005322715679574073,1.0287503078997018,1
55,0.8,Line_2_3,39,0.1,-0.2046641220527921,0.9931194496562399,0
139,0.9,Line_2_3,29,0.1,0.003120934504682935,1.04534476500368,1
164,0.9,Line_16_17,26,0.15,0.004072728021610587,1.04887336543237,1
154,0.9,Line_16_17,2,0.25,0.006640346845213134,1.0465359582843319,1
178,0.9,Line_16_17,39,0.25,-0.20465319776727955,0.9909947781432958,0
14,0.8,None,26,0.15,0.004876591426108632,1.0564802765860792,1
335,1.1,Line_16_17,2,0.3,0.0063711250524721725,1.0314030924655428,1
294,1.1,None,39,0.05,-0.20453224668905035,0.9918009236770302,0
370,1.2,None,16,0.25,-2.4375671964218345e-13,0.855693097849211,0
328,1.1,Line_2_3,39,0.25,-0.2045605599261699,0.9679655043112192,0
75,0.8,Line_16_17,26,0.2,0.004009537005975729,1.0542143611939092,1
296,1.1,None,39,0.15,-0.6808807684731005,0.9807272449958186,0
158,0.9,Line_16_17,16,0.15,0.005407289469482922,0.9891144338943824,0
39,0.8,Line_2_3,16,0.2,0.006673837065644163,1.0470564513966496,1
160,0.9,Line_16_17,16,0.25,-1.5717284031055754e-12,0.9118479213760811,0
67,0.8,Line_16_17,16,0.1,0.005646395849126092,1.0537612886554728,1
376,1.2,None,26,0.25,0.004659054171796906,1.030052356332792,1
99,0.9,None,16,0.2,0.00710442997953111,1.0457916305187938,1
265,1.0,Line_16_17,39,0.1,-0.8744637911212244,0.9858267339386129,0
97,0.9,None,16,0.1,0.007729567788033943,1.0490652772067186,1
358,1.1,Line_16_17,39,0.25,-0.20456988876687793,0.9896672868913455,0
184,1.0,None,2,0.25,0.007274232603145779,1.042341209198642,1
210,1.0,Line_2_3,2,0.05,0.005317899360021824,1.037671876601775,1
244,1.0,Line_16_17,2,0.25,0.0066249727228334,1.0399346318871696,1
211,1.0,Line_2_3,2,0.1,0.005317899360021824,1.0372431454323967,1
209,1.0,None,39,0.3,-0.20457637349068955,1.0041994321779024,0
413,1.2,Line_2_3,29,0.3,-5.3126022257075475e-18,0.9518787786684353,0
447,1.2,Line_16_17,39,0.2,-0.20452333697070157,0.9642728958865489,0
207,1.0,None,39,0.2,-0.20457637349068955,1.0041994321779024,0
42,0.8,Line_2_3,26,0.05,0.00502567282345801,1.052755977350134,1
445,1.2,Line_16_17,39,0.1,-0.7801109020916251,0.9389568840359113,0
118,0.9,None,39,0.25,-0.2046176245850261,1.0090659451465962,0
378,1.2,None,29,0.05,0.0032249719849140753,1.033531879495809,1
419,1.2,Line_2_3,39,0.3,-0.20451885380378407,0.9666053175884559,0
113,0.9,None,29,0.3,0.0031333118747397474,1.0502470965676485,1
180,1.0,None,2,0.05,0.007429098662683542,1.0456268241052098,1
19,0.8,None,29,0.1,0.003098728814653419,1.0574962625339568,1
443,1.2,Line_16_17,29,0.3,-4.4257999592610026e-14,0.9637415130322673,0
213,1.0,Line_2_3,2,0.2,0.005317899360021824,1.0366175508944757,1
312,1.1,Line_2_3,26,0.05,0.0050293669925175095,1.0283150306543556,1
399,1.2,Line_2_3,16,0.2,-1.3679439234529424e-11,0.805035643286902,0
272,1.1,None,2,0.15,0.007458770189454832,1.0378946796239508,1
27,0.8,None,39,0.2,-0.20465603468511628,1.0073510222866884,0
261,1.0,Line_16_17,29,0.2,0.002951769090323881,1.0424338605464234,1
441,1.2,Line_16_17,29,0.2,0.0030186484081884475,1.027719083092278,1
199,1.0,None,29,0.1,0.003165708260284439,1.0460836381867689,1
392,1.2,Line_2_3,2,0.15,0.005326125494707606,1.0182646587170028,1
25,0.8,None,39,0.1,-0.20465603468511628,0.932416720407731,0
289,1.1,None,29,0.1,0.003196096035744976,1.0397908161294191,1
103,0.9,None,26,0.1,0.0049553840186446485,1.0512066907764506,1
221,1.0,Line_2_3,16,0.3,0.0058281195997785945,0.8879456692796082,0
249,1.0,Line_16_17,16,0.2,-6.01459448878166e-15,0.902559079890158,0
353,1.1,Line_16_17,29,0.3,0.002985657968242723,0.9903677723307676,0
167,0.9,Line_16_17,26,0.3,0.003825675596977813,1.0469524658053002,1
403,1.2,Line_2_3,26,0.1,0.0049192086552226795,1.0177664449700972,1
426,1.2,Line_16_17,16,0.05,0.00583521805848744,1.0277171138602827,1
393,1.2,Line_2_3,2,0.2,0.005326125494707606,1.017701835341526,1
105,0.9,None,26,0.2,0.004806841866417135,1.0500426538015566,1
333,1.1,Line_16_17,2,0.2,0.00674411198415814,1.0335181164224982,1
90,0.9,None,2,0.05,0.007399785454404903,1.0514953089496881,1
168,0.9,Line_16_17,29,0.05,0.00291642745610942,1.0500158592229827,1
405,1.2,Line_2_3,26,0.2,0.004737565316141181,1.0163194257443475,1
198,1.0,None,29,0.05,0.003165708260284439,1.0465496010838635,1
356,1.1,Line_16_17,39,0.15,-0.20456988876687793,0.9899859529927088,0
48,0.8,Line_2_3,29,0.05,0.003089393365012659,1.0532526830959126,1
147,0.9,Line_2_3,39,0.2,-0.5383996755079345,0.9827280642599304,0
104,0.9,None,26,0.15,0.004882965809194249,1.050912655194438,1
318,1.1,Line_2_3,29,0.05,0.003176210288467667,1.0287478454628274,1
200,1.0,None,29,0.15,0.003165708260284439,1.045935619473544,1
269,1.0,Line_16_17,39,0.3,-0.20461314927885382,0.996995883764624,0
251,1.0,Line_16_17,16,0.3,-3.1510253732642696e-15,0.9084063618152289,0
62,0.8,Line_16_17,2,0.15,0.006642123430473629,1.0540801038523662,1
121,0.9,Line_2_3,2,0.1,0.005311837469547428,1.0453835921559536,1
428,1.2,Line_16_17,16,0.15,-6.613658114861597e-13,0.9043091068200356,0
326,1.1,Line_2_3,39,0.15,-0.6981945504019444,0.9606392891415169,0
146,0.9,Line_2_3,39,0.15,-0.20463300087444242,1.0058186676938885,0
337,1.1,Line_16_17,16,0.1,0.00570728677804177,1.0330792574930174,1
253,1.0,Line_16_17,26,0.1,0.004144620664129406,1.0426697790171593,1
124,0.9,Line_2_3,2,0.25,0.005311837469547428,1.0446203470345177,1
60,0.8,Line_16_17,2,0.05,0.006642123430473629,1.0551533820002512,1
131,0.9,Line_2_3,16,0.3,0.0059178633585842645,0.9008584113046469,0
224,1.0,Line_2_3,26,0.15,0.004858584880696592,1.0361698882509425,1
257,1.0,Line_16_17,26,0.3,0.0037837828316092045,1.040343935425442,1
8,0.8,None,16,0.15,0.007428609881062438,1.0538548613992622,1
17,0.8,None,26,0.3,0.00464991056083026,1.0543223568348203,1
228,1.0,Line_2_3,29,0.05,0.003149837304963879,1.037663155597384,1
432,1.2,Line_16_17,26,0.05,0.004258061869414358,1.028949061154412,1
310,1.1,Line_2_3,16,0.25,-1.569269928399702e-11,0.832410637941993,0
297,1.1,None,39,0.2,-0.20453224668905035,0.9989751526432552,0
334,1.1,Line_16_17,2,0.25,0.006609421851880868,1.0328456484800042,1
18,0.8,None,29,0.05,0.003098728814653419,1.0579453584012934,1
364,1.2,None,2,0.25,0.007235372482370324,1.028654997177696,1
288,1.1,None,29,0.05,0.003196096035744976,1.040269536818742,1
86,0.8,Line_16_17,39,0.15,-0.6381052060865522,0.9806243222398587,0
416,1.2,Line_2_3,39,0.15,-0.7121928256543423,0.9282271259370678,0
341,1.1,Line_16_17,16,0.3,1.0027108002262831e-15,0.9084644085233189,0
435,1.2,Line_16_17,26,0.2,0.00399849254903186,1.0271955087271067,1
115,0.9,None,39,0.1,-0.2046176245850261,0.9861747680638603,0
141,0.9,Line_2_3,29,0.2,0.003120934504682935,1.0447157419789994,1
292,1.1,None,29,0.25,0.003196096035744976,1.0382924188597078,1
319,1.1,Line_2_3,29,0.1,0.003176210288467667,1.028279329432773,1
384,1.2,None,39,0.05,-0.2044852086176073,0.9752498366381482,0
30,0.8,Line_2_3,2,0.05,0.005304624200011427,1.0532758849211172,1
404,1.2,Line_2_3,26,0.15,0.004836093437466638,1.0173237328104425,1
132,0.9,Line_2_3,26,0.05,0.005029798034185842,1.0453156933095582,1
230,1.0,Line_2_3,29,0.15,0.003149837304963879,1.0370618207985827,1
344,1.1,Line_16_17,26,0.15,0.004087341247323679,1.0355015247635777,1
95,0.9,None,2,0.3,0.007108942341916251,1.047143296209749,1
102,0.9,None,26,0.05,0.005057355822276486,1.0519296176771225,1
171,0.9,Line_16_17,29,0.2,0.00291642745610942,1.0489688207737327,1
389,1.2,None,39,0.3,-0.2044852086176073,0.9933467743632735,0
406,1.2,Line_2_3,26,0.25,0.004612370155479544,1.015606217400396,1
182,1.0,None,2,0.15,0.007429098662683542,1.0442651326802812,1
237,1.0,Line_2_3,39,0.2,-0.2837154255528504,0.9679041915281289,0
385,1.2,None,39,0.1,-0.2044852086176073,0.97224984317641,0
372,1.2,None,26,0.05,0.005092587557652861,1.033091602875042,1
397,1.2,Line_2_3,16,0.1,0.007479644213354104,1.014989582881305,1
84,0.8,Line_16_17,39,0.05,-0.2046900997283416,1.0057877210574457,0
367,1.2,None,16,0.1,0.007889619434484463,1.0295988310590931,1
348,1.1,Line_16_17,29,0.05,0.002985657968242723,1.0366772452076367,1
246,1.0,Line_16_17,16,0.05,0.00576753991432881,1.0423890539498488,1
307,1.1,Line_2_3,16,0.1,0.007384716786561753,1.0250289317114198,1
347,1.1,Line_16_17,26,0.3,0.00373867658719365,1.0332295064651027,1
243,1.0,Line_16_17,2,0.2,0.006709159218784466,1.0405165228397848,1
65,0.8,Line_16_17,2,0.3,0.006521906075570178,1.0515986100262942,1
64,0.8,Line_16_17,2,0.25,0.006642123430473629,1.052692309248131,1
29,0.8,None,39,0.3,-0.20465603468511628,1.007288971701297,0
438,1.2,Line_16_17,29,0.05,0.0030186484081884475,1.029204908091634,1
248,1.0,Line_16_17,16,0.15,0.005397267281045915,0.976459858836793,0
43,0.8,Line_2_3,26,0.1,0.004927142250717693,1.0520575604808162,1
374,1.2,None,26,0.15,0.004901733869656688,1.031874519725372,1
123,0.9,Line_2_3,2,0.2,0.005311837469547428,1.0447981228357313,1
122,0.9,Line_2_3,2,0.15,0.005311837469547428,1.0452697552337367,1
250,1.0,Line_16_17,16,0.25,-1.4463751457403654e-11,0.9033221606407587,0
157,0.9,Line_16_17,16,0.1,0.005662590415372437,1.0475448508591159,1
293,1.1,None,29,0.3,0.0031372544774600514,0.9917325295151823,0
317,1.1,Line_2_3,26,0.3,0.004516076150517103,1.0244669894887732,1
9,0.8,None,16,0.2,0.0071312953161743456,1.0518915904147055,1
191,1.0,None,16,0.3,-0.036741469791243875,0.8581431353387964,0
165,0.9,Line_16_17,26,0.2,0.004007211517448863,1.0481689884497953,1
0,0.8,None,2,0.05,0.007370861702747682,1.0569999535176609,1
271,1.1,None,2,0.1,0.007458770189454832,1.0384226336607743,1
276,1.1,None,16,0.05,0.00800598308689555,1.0384050462620518,1
82,0.8,Line_16_17,29,0.25,0.0028793984008541515,1.0548080714893586,1
54,0.8,Line_2_3,39,0.05,-0.2046641220527921,0.9858666410281915,0
396,1.2,Line_2_3,16,0.05,0.007544897282487283,1.0170264357174732,1
284,1.1,None,26,0.15,0.004895910704062848,1.0386508843509734,1
424,1.2,Line_16_17,2,0.25,0.006593473793600583,1.0251333814728019,1
152,0.9,Line_16_17,2,0.15,0.006675190561323706,1.0480379707362404,1
259,1.0,Line_16_17,29,0.1,0.002951769090323881,1.043137386685415,1
91,0.9,None,2,0.1,0.007399785454404903,1.0506141715782658,1
256,1.0,Line_16_17,26,0.25,0.0039097442979671194,1.0412580036871282,1
1,0.8,None,2,0.1,0.007370861702747682,1.0561330333037784,1
322,1.1,Line_2_3,29,0.25,0.003176210288467667,1.0267791333911764,1
386,1.2,None,39,0.15,-0.6821437611267767,0.9755979581501574,0
369,1.2,None,16,0.2,0.007018257534606642,0.925115292005787,0
448,1.2,Line_16_17,39,0.25,-0.20452333697070157,0.9642728958865489,0
80,0.8,Line_16_17,29,0.15,0.0028793984008541515,1.0554943488249675,1
222,1.0,Line_2_3,26,0.05,0.005031249706967387,1.0372067353967862,1
58,0.8,Line_2_3,39,0.25,-0.2046641220527921,1.0058510334208552,0
408,1.2,Line_2_3,29,0.05,0.0032004482306855183,1.0188756749104906,1
391,1.2,Line_2_3,2,0.1,0.005326125494707606,1.0184446611254199,1
361,1.2,None,2,0.1,0.007488699452685077,1.0316882375191643,1
283,1.1,None,26,0.1,0.004978644906172381,1.0390507168009964,1
239,1.0,Line_2_3,39,0.3,-0.20459853354648996,0.9822646768831076,0
5,0.8,None,2,0.3,0.007161237025162369,1.0530069482219315,1
128,0.9,Line_2_3,16,0.15,0.006976729486648295,1.0413022503148965,1
270,1.1,None,2,0.05,0.007458770189454832,1.039360542833726,1
195,1.0,None,26,0.2,0.004803771715244146,1.04405750196262,1
32,0.8,Line_2_3,2,0.15,0.005304624200011427,1.0527557598700377,1
197,1.0,None,26,0.3,0.004571006108211469,1.0423824816311527,1
409,1.2,Line_2_3,29,0.1,0.0032004482306855183,1.0183854068237403,1
305,1.1,Line_2_3,2,0.3,0.0049653845222986945,1.0265979194611807,1
24,0.8,None,39,0.05,-0.20465603468511628,1.0037765075500296,0
411,1.2,Line_2_3,29,0.2,0.0032004482306855183,1.0173170602424089,1
78,0.8,Line_16_17,29,0.05,0.0028793984008541515,1.0560088684959854,1
70,0.8,Line_16_17,16,0.25,-5.384613958595965e-12,0.904240846095641,0
252,1.0,Line_16_17,26,0.05,0.004231415531722603,1.0432817212000476,1
56,0.8,Line_2_3,39,0.15,-0.282435342690365,0.7615084027777773,0
46,0.8,Line_2_3,26,0.25,0.004745234089650675,1.0506558286304437,1
383,1.2,None,29,0.3,-4.4141598999855e-19,0.962804223466474,0
298,1.1,None,39,0.25,-0.20453224668905035,0.9989751526432552,0
204,1.0,None,39,0.05,-0.20457637349068955,0.992938827862677,0
260,1.0,Line_16_17,29,0.15,0.002951769090323881,1.0430001125652584,1
299,1.1,None,39,0.3,-0.20453224668905035,0.9989751526432552,0
345,1.1,Line_16_17,26,0.2,0.004001845373644297,1.0347001691535993,1
219,1.0,Line_2_3,16,0.2,0.006740740711914149,1.029893324139966,1
134,0.9,Line_2_3,26,0.15,0.004863850055877396,1.0443397433789023,1
126,0.9,Line_2_3,16,0.05,0.007271851433530426,1.0439339442471323,1
425,1.2,Line_16_17,2,0.3,0.006315301704263915,1.0232689754521047,1
275,1.1,None,2,0.3,0.006999951541358163,1.0338680051316969,1
234,1.0,Line_2_3,39,0.05,-0.20459853354648996,0.9739077072845079,0
329,1.1,Line_2_3,39,0.3,-0.2045605599261699,0.9679655043112192,0
442,1.2,Line_16_17,29,0.25,0.0030186484081884475,1.026774140012487,1
73,0.8,Line_16_17,26,0.1,0.004120422590194177,1.0550621883088727,1
395,1.2,Line_2_3,2,0.3,0.004836040258110579,1.016493040971229,1
202,1.0,None,29,0.25,0.003165708260284439,1.0449052220863804,1
255,1.0,Line_16_17,26,0.2,0.004004701990237651,1.0416745399275773,1
336,1.1,Line_16_17,16,0.05,0.005800802740044534,1.0353563206037313,1
340,1.1,Line_16_17,16,0.25,0.004500595711427026,0.942968439835397,0
205,1.0,None,39,0.1,-0.7110274746254852,0.9787311941902053,0
290,1.1,None,29,0.15,0.003196096035744976,1.0395821027945111,1
108,0.9,None,29,0.05,0.0031333118747397474,1.052430006835878,1
117,0.9,None,39,0.2,-0.2046176245850261,1.0090659451465962,0
28,0.8,None,39,0.25,-0.20465603468511628,1.007288971701297,0
33,0.8,Line_2_3,2,0.2,0.005304624200011427,1.052301914471567,1
137,0.9,Line_2_3,26,0.3,0.004625578919829705,1.042051217857993,1
449,1.2,Line_16_17,39,0.3,-0.20452333697070157,0.9642728958865489,0
161,0.9,Line_16_17,16,0.3,0.0042498545986000185,0.945446278653211,0
433,1.2,Line_16_17,26,0.1,0.004170068826833705,1.02833531876091,1
236,1.0,Line_2_3,39,0.15,-0.7013050082927417,0.9616235546522687,0
166,0.9,Line_16_17,26,0.25,0.003928095761160181,1.047801565754902,1
285,1.1,None,26,0.2,0.004800075485650512,1.037646171806649,1
444,1.2,Line_16_17,39,0.05,-0.20452333697070157,0.9852045719064745,0
138,0.9,Line_2_3,29,0.05,0.003120934504682935,1.0457934698390172,1
371,1.2,None,16,0.3,0.005507972168029038,0.880613916468959,0
418,1.2,Line_2_3,39,0.25,-0.20451885380378407,0.9666053175884559,0
87,0.8,Line_16_17,39,0.2,-0.2046900997283416,0.9991032718705275,0
311,1.1,Line_2_3,16,0.3,-1.1581989783015273e-13,0.834180268405799,0
423,1.2,Line_16_17,2,0.2,0.006780084454349839,1.0259748957166257,1
273,1.1,None,2,0.2,0.007451048594049153,1.0365966498471306,1
368,1.2,None,16,0.15,0.007512236804007852,1.0265246303360815,1
331,1.1,Line_16_17,2,0.1,0.00674411198415814,1.0350374077241955,1
36,0.8,Line_2_3,16,0.05,0.00719016423835134,1.0513783172303712,1
349,1.1,Line_16_17,29,0.1,0.002985657968242723,1.0362188849860767,1
421,1.2,Line_16_17,2,0.1,0.006780084454349839,1.0275801254080492,1
136,0.9,Line_2_3,26,0.25,0.004720355788893253,1.043059501954725,1
343,1.1,Line_16_17,26,0.1,0.004157255348769039,1.0357754427008559,1
107,0.9,None,26,0.3,0.0046117445454094685,1.0485612440921264,1
181,1.0,None,2,0.1,0.007429098662683542,1.0447224599876324,1
189,1.0,None,16,0.2,0.007076053201795125,0.9427960134076663,0
325,1.1,Line_2_3,39,0.1,-0.2045605599261699,0.9669575798462825,0
83,0.8,Line_16_17,29,0.3,0.0028793984008541515,1.054162689585678,1
400,1.2,Line_2_3,16,0.25,-6.545228303509921e-11,0.841315792872025,0
429,1.2,Line_16_17,16,0.2,-8.858996309975412e-19,0.904689205301148,0
186,1.0,None,16,0.05,0.007947579279529904,1.044719417737996,1
148,0.9,Line_2_3,39,0.25,-0.20463300087444242,0.999623843569496,0
116,0.9,None,39,0.15,-0.6785328733104785,0.9898722937568281,0
232,1.0,Line_2_3,29,0.25,0.003149837304963879,1.036035917893863,1
407,1.2,Line_2_3,26,0.3,0.0044476480751204734,1.014296742445083,1
51,0.8,Line_2_3,29,0.2,0.003089393365012659,1.0522640376034533,1
412,1.2,Line_2_3,29,0.25,0.0032004482306855183,1.0163643977692995,1
295,1.1,None,39,0.1,-0.7121633555839348,0.974129809876372,0
338,1.1,Line_16_17,16,0.15,0.005389760326081889,0.9709270862073344,0
23,0.8,None,29,0.3,0.003098728814653419,1.0560588274439249,1
360,1.2,None,2,0.05,0.007488699452685077,1.0326492579666147,1
35,0.8,Line_2_3,2,0.3,0.005287025897965173,1.0516380594815022,1
98,0.9,None,16,0.15,0.007446728709668068,1.0480643535614846,1
316,1.1,Line_2_3,26,0.25,0.004655346524446077,1.0256447399289548,1
185,1.0,None,2,0.3,0.0070552947913384715,1.0408269620171724,1
321,1.1,Line_2_3,29,0.2,0.003176210288467667,1.0273916987301794,1
150,0.9,Line_16_17,2,0.05,0.006675190561323706,1.049181774613004,1
282,1.1,None,26,0.05,0.005081526045621439,1.0397997916576374,1
235,1.0,Line_2_3,39,0.1,-0.20459853354648996,0.9849010657416168,0
40,0.8,Line_2_3,16,0.25,0.006379525385511296,1.0445129097530976,1
193,1.0,None,26,0.1,0.0049670830120573115,1.0453307159782288,1
63,0.8,Line_16_17,2,0.2,0.006642123430473629,1.05312504172815,1
373,1.2,None,26,0.1,0.004989768642715454,1.0323196708738658,1
176,0.9,Line_16_17,39,0.15,-0.6837571976027872,0.9576842288804459,0
274,1.1,None,2,0.25,0.007255076216631271,1.0357644534165567,1
22,0.8,None,29,0.25,0.003098728814653419,1.0566984834699045,1
135,0.9,Line_2_3,26,0.2,0.004796652179397234,1.0434870155002296,1
431,1.2,Line_16_17,16,0.3,-7.480084930175953e-16,0.9081902092976359,0
309,1.1,Line_2_3,16,0.2,0.006780180640118911,1.0183379696356376,1
49,0.8,Line_2_3,29,0.1,0.003089393365012659,1.0528099025629507,1
183,1.0,None,2,0.2,0.007429098662683542,1.0430620509801287,1
194,1.0,None,26,0.15,0.004889528315880233,1.0449849041858292,1
440,1.2,Line_16_17,29,0.15,0.0030186484081884475,1.0284937934731313,1
174,0.9,Line_16_17,39,0.05,-0.20465319776727955,0.9997091776228417,0
172,0.9,Line_16_17,29,0.25,0.00291642745610942,1.0486446687234008,1
415,1.2,Line_2_3,39,0.1,-0.20451885380378407,0.8329387619071787,0
357,1.1,Line_16_17,39,0.2,-0.20456988876687793,0.9896919281006551,0
390,1.2,Line_2_3,2,0.05,0.005326125494707606,1.0188862359482878,1
79,0.8,Line_16_17,29,0.1,0.0028793984008541515,1.0555713430463012,1
110,0.9,None,29,0.15,0.0031333118747397474,1.0518715754906978,1
388,1.2,None,39,0.25,-0.2044852086176073,0.9933467743632735,0
414,1.2,Line_2_3,39,0.05,-0.20451885380378407,0.9592358268927972,0
434,1.2,Line_16_17,26,0.15,0.004094794933019962,1.0280147297154252,1
81,0.8,Line_16_17,29,0.2,0.0028793984008541515,1.0550309205883688,1
3,0.8,None,2,0.2,0.007370861702747682,1.054736975648672,1
142,0.9,Line_2_3,29,0.25,0.003120934504682935,1.0443920991628395,1
301,1.1,Line_2_3,2,0.1,0.005322715679574073,1.0283167801848931,1
229,1.0,Line_2_3,29,0.1,0.003149837304963879,1.0372063780036545,1
359,1.1,Line_16_17,39,0.3,-0.20456988876687793,0.9896672868913455,0
101,0.9,None,16,0.3,-1.1790251700988253e-12,0.8637665064180893,0
112,0.9,None,29,0.25,0.0031333118747397474,1.0510165097375466,1
214,1.0,Line_2_3,2,0.25,0.005296244405477292,1.0363873444345315,1
437,1.2,Line_16_17,26,0.3,0.0036903990130694336,1.025412228640827,1
332,1.1,Line_16_17,2,0.15,0.00674411198415814,1.0345875646521587,1
366,1.2,None,16,0.05,0.008066679712109674,1.0316379177957375,1
119,0.9,None,39,0.3,-0.2046176245850261,1.0090659451465962,0
287,1.1,None,26,0.3,0.004527362650119886,1.0357322411345709,1
13,0.8,None,26,0.1,0.00494382484318475,1.0567165712102846,1
308,1.1,Line_2_3,16,0.15,0.00711796856118083,1.022575256694719,1
258,1.0,Line_16_17,29,0.05,0.002951769090323881,1.0435880631157803,1
111,0.9,None,29,0.2,0.0031333118747397474,1.051326021810429,1
47,0.8,Line_2_3,26,0.3,0.004669793284600681,1.0497255642657255,1
16,0.8,None,26,0.25,0.00473673779195852,1.0552829891743514,1
15,0.8,None,26,0.2,0.004809703860247806,1.055643827045199,1
216,1.0,Line_2_3,16,0.05,0.007358233548195062,1.0358118617882508,1
302,1.1,Line_2_3,2,0.15,0.005322715679574073,1.0281615739540804,1
44,0.8,Line_2_3,26,0.15,0.00486651745710197,1.0518312102670502,1
279,1.1,None,16,0.2,0.007047042662150156,0.9294012660769536,0
71,0.8,Line_16_17,16,0.3,-1.9286640054914625e-13,0.9053081442895613,0
114,0.9,None,39,0.05,-0.2046176245850261,0.9980205624508716,0
346,1.1,Line_16_17,26,0.25,0.003889926730598608,1.0342294042692777,1
52,0.8,Line_2_3,29,0.25,0.003089393365012659,1.052025407845717,1
377,1.2,None,26,0.3,0.00448042547183278,1.028533965029207,1
446,1.2,Line_16_17,39,0.15,-0.20452333697070157,0.9749565165200053,0
125,0.9,Line_2_3,2,0.3,0.0051905968139137485,1.044034834591416,1
327,1.1,Line_2_3,39,0.2,-0.2045605599261699,0.9545403289800747,0
140,0.9,Line_2_3,29,0.15,0.003120934504682935,1.0452435348636124,1
379,1.2,None,29,0.1,0.0032249719849140753,1.033028777669907,1
12,0.8,None,26,0.05,0.005044557859608478,1.0574317312122938,1
57,0.8,Line_2_3,39,0.2,-0.29922309254815094,0.8818281521753881,0
